2026-04-07_02-29-51,70,main.go:2026-04-07_02-29-51
2026-04-07_02-29-53,70,main.go:2026-04-07_02-29-51
2026-04-07_02-32-09,80,main.go:2026-04-07_02-32-09
2026-04-07_02-37-04,80,main.go:2026-04-07_02-37-04
2026-04-07_02-37-29,80,main.go:2026-04-07_02-37-29
2026-04-07_02-37-31,80,main.go:2026-04-07_02-37-29
2026-04-07_02-37-57,20,main.go:2026-04-07_02-37-57
2026-04-07_02-38-03,20,main.go:2026-04-07_02-38-03
2026-04-07_02-38-04,20,main.go:2026-04-07_02-38-03
2026-04-07_02-52-21,20,main.go:2026-04-07_02-38-03
2026-04-07_02-54-29,100,main.go:2026-04-07_02-54-29
2026-04-07_02-54-51,70,main.go:2026-04-07_02-54-51
2026-04-07_02-55-02,100,main.go:2026-04-07_02-55-02
