2026-04-03_17-56-47,0,draft.go:2026-04-03_17-56-47
2026-04-03_17-56-48,0,draft.go:2026-04-03_17-56-47
2026-04-03_18-05-43,0,draft.go:2026-04-03_18-05-43
2026-04-03_18-06-53,0,draft.go:2026-04-03_18-06-53
2026-04-03_18-12-50,0,draft.go:2026-04-03_18-12-50
2026-04-03_18-13-13,0,draft.go:2026-04-03_18-13-13
2026-04-03_18-13-25,0,draft.go:2026-04-03_18-13-25
2026-04-03_18-14-44,0,draft.go:2026-04-03_18-14-44
2026-04-03_18-14-58,0,draft.go:2026-04-03_18-14-58
2026-04-03_18-18-41,100,draft.go:2026-04-03_18-18-41
2026-04-03_18-20-18,100,draft.go:2026-04-03_18-20-18
2026-04-03_18-23-20,100,draft.go:2026-04-03_18-20-18
2026-04-03_18-23-21,100,draft.go:2026-04-03_18-20-18
2026-04-03_18-39-18,100,draft.go:2026-04-03_18-20-18
2026-04-03_18-39-19,100,draft.go:2026-04-03_18-20-18
2026-04-03_18-39-20,100,draft.go:2026-04-03_18-20-18
