2026-03-31_02-12-56,0,shell.go:2026-03-31_02-12-56
2026-03-31_02-13-43,0,shell.go:2026-03-31_02-12-56
2026-03-31_19-32-27,0,shell.go:2026-03-31_02-12-56
2026-03-31_19-32-28,0,shell.go:2026-03-31_02-12-56
2026-03-31_19-32-50,0,shell.go:2026-03-31_02-12-56
2026-03-31_19-36-30,---,shell.go:2026-03-31_19-36-30
2026-03-31_19-48-51,0,shell.go:2026-03-31_19-36-30
2026-03-31_19-57-30,0,shell.go:2026-03-31_19-57-30
2026-03-31_19-57-31,0,shell.go:2026-03-31_19-57-30
2026-03-31_20-06-56,0,shell.go:2026-03-31_20-06-56
2026-03-31_20-27-17,0,shell.go:2026-03-31_20-27-17
2026-03-31_20-31-58,0,shell.go:2026-03-31_20-31-58
2026-03-31_20-32-23,0,shell.go:2026-03-31_20-32-23
2026-03-31_20-35-26,0,shell.go:2026-03-31_20-35-26
2026-03-31_20-35-56,0,shell.go:2026-03-31_20-35-56
2026-03-31_20-37-02,0,shell.go:2026-03-31_20-37-02
2026-03-31_20-37-27,0,shell.go:2026-03-31_20-37-02
2026-03-31_22-18-47,0,shell.go:2026-03-31_20-37-02
2026-03-31_22-19-17,12,shell.go:2026-03-31_22-19-17
2026-03-31_22-19-43,12,shell.go:2026-03-31_22-19-43
2026-03-31_22-20-10,12,shell.go:2026-03-31_22-20-10
2026-03-31_22-20-36,25,shell.go:2026-03-31_22-20-36
2026-03-31_22-21-02,37,shell.go:2026-03-31_22-21-02
2026-03-31_22-21-22,50,shell.go:2026-03-31_22-21-22
2026-03-31_22-21-35,50,shell.go:2026-03-31_22-21-22
2026-03-31_22-21-36,50,shell.go:2026-03-31_22-21-22
2026-03-31_22-21-37,50,shell.go:2026-03-31_22-21-22
2026-03-31_22-21-38,50,shell.go:2026-03-31_22-21-22
2026-03-31_22-21-48,50,shell.go:2026-03-31_22-21-22
2026-03-31_22-21-48,50,shell.go:2026-03-31_22-21-22
2026-03-31_22-21-49,50,shell.go:2026-03-31_22-21-22
2026-03-31_22-23-56,62,shell.go:2026-03-31_22-23-56
2026-03-31_22-24-00,62,shell.go:2026-03-31_22-23-56
2026-03-31_22-24-47,75,shell.go:2026-03-31_22-24-47
2026-03-31_22-30-10,75,shell.go:2026-03-31_22-24-47
2026-03-31_22-31-08,87,shell.go:2026-03-31_22-31-08
2026-03-31_22-31-47,87,shell.go:2026-03-31_22-31-08
2026-03-31_22-31-48,87,shell.go:2026-03-31_22-31-08
2026-03-31_22-31-49,87,shell.go:2026-03-31_22-31-08
2026-03-31_22-32-17,100,shell.go:2026-03-31_22-32-17
2026-03-31_22-33-21,100,shell.go:2026-03-31_22-32-17
