2026-03-19_17-03-56,0,draft.go:2026-03-19_17-03-56
2026-03-19_17-03-56,---,draft.go:2026-03-19_17-03-56
2026-03-19_17-04-19,---,draft.go:2026-03-19_17-04-19
2026-03-19_17-04-48,0,draft.go:2026-03-19_17-04-19
2026-03-19_17-04-57,0,draft.go:2026-03-19_17-04-19
2026-03-19_17-04-58,0,draft.go:2026-03-19_17-04-19
2026-03-19_17-05-00,---,draft.go:2026-03-19_17-04-19
2026-03-19_17-05-09,0,draft.go:2026-03-19_17-04-19
2026-03-19_17-05-11,0,draft.go:2026-03-19_17-04-19
2026-03-19_17-32-17,0,draft.go:2026-03-19_17-32-17
2026-03-19_17-33-56,0,draft.go:2026-03-19_17-33-56
2026-03-19_17-35-05,0,draft.go:2026-03-19_17-35-05
2026-03-19_17-37-17,0,draft.go:2026-03-19_17-37-17
2026-03-19_17-41-29,0,draft.go:2026-03-19_17-41-29
2026-03-19_17-44-18,0,draft.go:2026-03-19_17-44-18
2026-03-19_17-44-39,0,draft.go:2026-03-19_17-44-39
2026-03-19_17-46-41,0,draft.go:2026-03-19_17-46-41
2026-03-19_17-46-52,0,draft.go:2026-03-19_17-46-52
2026-03-19_17-47-10,0,draft.go:2026-03-19_17-47-10
2026-03-19_17-47-12,0,draft.go:2026-03-19_17-47-10
2026-03-19_17-47-44,0,draft.go:2026-03-19_17-47-44
2026-03-19_17-48-03,0,draft.go:2026-03-19_17-47-44
2026-03-19_17-48-36,0,draft.go:2026-03-19_17-48-36
2026-03-19_17-48-51,0,draft.go:2026-03-19_17-48-51
2026-03-19_17-49-50,0,draft.go:2026-03-19_17-49-50
2026-03-19_17-50-13,0,draft.go:2026-03-19_17-50-13
2026-03-19_17-50-19,0,draft.go:2026-03-19_17-50-19
2026-03-19_18-23-30,100,draft.go:2026-03-19_18-23-30
2026-03-19_18-46-51,100,draft.go:2026-03-19_18-46-51
