2026-05-27_13-49-41,0,main.go:2026-05-27_13-49-41;queue.go:2026-05-27_13-49-41
2026-05-27_13-52-51,0,main.go:2026-05-27_13-49-41;queue.go:2026-05-27_13-49-41
2026-05-27_13-53-41,---,main.go:2026-05-27_13-53-41;queue.go:2026-05-27_13-49-41
2026-05-27_13-54-06,0,main.go:2026-05-27_13-53-41;queue.go:2026-05-27_13-49-41
2026-05-27_14-06-23,0,main.go:2026-05-27_14-06-23;queue.go:2026-05-27_13-49-41
2026-05-27_14-10-31,0,main.go:2026-05-27_14-10-31;queue.go:2026-05-27_13-49-41
2026-05-27_14-20-11,0,main.go:2026-05-27_14-20-11;queue.go:2026-05-27_14-20-11
2026-05-27_14-25-39,0,main.go:2026-05-27_14-25-39;queue.go:2026-05-27_14-20-11
2026-05-27_14-28-15,0,main.go:2026-05-27_14-28-15;queue.go:2026-05-27_14-20-11
2026-05-27_14-29-24,0,main.go:2026-05-27_14-29-24;queue.go:2026-05-27_14-20-11
2026-05-27_14-32-33,0,main.go:2026-05-27_14-32-33;queue.go:2026-05-27_14-20-11
2026-05-27_14-42-04,0,main.go:2026-05-27_14-42-04;queue.go:2026-05-27_14-20-11
2026-05-27_14-43-02,0,main.go:2026-05-27_14-43-02;queue.go:2026-05-27_14-20-11
2026-05-27_14-43-12,0,main.go:2026-05-27_14-43-02;queue.go:2026-05-27_14-20-11
2026-05-27_14-44-11,0,main.go:2026-05-27_14-44-11;queue.go:2026-05-27_14-20-11
2026-05-27_14-44-16,0,main.go:2026-05-27_14-44-16;queue.go:2026-05-27_14-20-11
2026-05-27_14-45-03,0,main.go:2026-05-27_14-44-16;queue.go:2026-05-27_14-45-03
2026-05-27_14-45-05,0,main.go:2026-05-27_14-44-16;queue.go:2026-05-27_14-45-03
2026-05-27_14-45-11,0,main.go:2026-05-27_14-44-16;queue.go:2026-05-27_14-45-11
2026-05-27_14-45-25,0,main.go:2026-05-27_14-44-16;queue.go:2026-05-27_14-45-11
2026-05-27_14-45-34,0,main.go:2026-05-27_14-44-16;queue.go:2026-05-27_14-45-11
2026-05-27_14-47-39,0,main.go:2026-05-27_14-47-39;queue.go:2026-05-27_14-45-11
2026-05-27_14-47-56,0,main.go:2026-05-27_14-47-39;queue.go:2026-05-27_14-47-56
2026-05-27_14-47-58,0,main.go:2026-05-27_14-47-39;queue.go:2026-05-27_14-47-58
2026-05-27_14-48-00,0,main.go:2026-05-27_14-47-39;queue.go:2026-05-27_14-47-58
2026-05-27_14-48-11,100,main.go:2026-05-27_14-47-39;queue.go:2026-05-27_14-48-11
2026-05-27_14-49-29,100,main.go:2026-05-27_14-47-39;queue.go:2026-05-27_14-48-11
2026-06-02_01-05-20,100,main.go:2026-05-27_14-47-39;queue.go:2026-05-27_14-48-11
