2026-05-20_14-14-37,25,main.go:2026-05-20_14-14-37;stack.go:2026-05-20_14-14-37
2026-05-20_14-14-39,25,main.go:2026-05-20_14-14-37;stack.go:2026-05-20_14-14-37
2026-07-06_20-32-19,25,main.go:2026-05-20_14-14-37;stack.go:2026-05-20_14-14-37
2026-07-06_20-32-19,25,main.go:2026-05-20_14-14-37;stack.go:2026-05-20_14-14-37
2026-07-06_20-32-20,25,main.go:2026-05-20_14-14-37;stack.go:2026-05-20_14-14-37
2026-07-06_20-32-22,25,main.go:2026-05-20_14-14-37;stack.go:2026-05-20_14-14-37
2026-07-06_20-49-04,0,main.go:2026-07-06_20-49-04;stack.go:2026-05-20_14-14-37
2026-07-06_21-00-47,0,main.go:2026-07-06_21-00-47;stack.go:2026-05-20_14-14-37
2026-07-06_21-00-49,0,main.go:2026-07-06_21-00-47;stack.go:2026-05-20_14-14-37
2026-07-06_21-01-14,25,main.go:2026-07-06_21-01-14;stack.go:2026-05-20_14-14-37
2026-07-06_21-05-48,75,main.go:2026-07-06_21-05-48;stack.go:2026-05-20_14-14-37
2026-07-06_21-06-30,100,main.go:2026-07-06_21-06-30;stack.go:2026-05-20_14-14-37
