2026-04-07_00-42-45,0,main.go:2026-04-07_00-42-45
2026-04-07_00-52-22,0,main.go:2026-04-07_00-52-22
2026-04-07_00-52-23,0,main.go:2026-04-07_00-52-22
2026-04-07_01-02-54,0,main.go:2026-04-07_01-02-54
2026-04-07_01-03-29,0,main.go:2026-04-07_01-03-29
2026-04-07_01-04-10,0,main.go:2026-04-07_01-04-10
2026-04-07_01-04-29,0,main.go:2026-04-07_01-04-29
2026-04-07_01-05-14,0,main.go:2026-04-07_01-05-14
2026-04-07_01-06-14,0,main.go:2026-04-07_01-06-14
2026-04-07_01-06-45,0,main.go:2026-04-07_01-06-45
2026-04-07_01-12-39,0,main.go:2026-04-07_01-12-39
2026-04-07_01-13-55,100,main.go:2026-04-07_01-13-55
2026-04-07_01-14-06,100,main.go:2026-04-07_01-13-55
2026-04-07_01-14-07,100,main.go:2026-04-07_01-13-55
2026-04-07_01-14-08,100,main.go:2026-04-07_01-13-55
2026-04-07_01-14-09,100,main.go:2026-04-07_01-13-55
2026-04-07_01-14-10,100,main.go:2026-04-07_01-13-55
2026-04-07_01-14-11,100,main.go:2026-04-07_01-13-55
