2026-04-05_17-24-49,44,main.go:2026-04-05_17-24-49
2026-04-05_17-24-50,44,main.go:2026-04-05_17-24-49
2026-04-05_17-24-50,44,main.go:2026-04-05_17-24-49
2026-04-05_17-24-50,44,main.go:2026-04-05_17-24-49
2026-04-05_17-24-51,44,main.go:2026-04-05_17-24-49
2026-04-05_17-30-09,0,main.go:2026-04-05_17-30-09
2026-04-05_17-31-10,0,main.go:2026-04-05_17-31-10
2026-04-05_17-33-09,77,main.go:2026-04-05_17-33-09
2026-04-05_17-38-13,0,main.go:2026-04-05_17-38-13
2026-04-05_17-38-22,77,main.go:2026-04-05_17-38-22
2026-04-05_17-38-47,88,main.go:2026-04-05_17-38-47
2026-04-05_17-40-03,100,main.go:2026-04-05_17-40-03
