2026-04-08_13-57-32,0,main.go:2026-04-08_13-57-32;pen.go:2026-04-08_13-57-32
2026-04-08_13-57-34,0,main.go:2026-04-08_13-57-32;pen.go:2026-04-08_13-57-32
2026-04-08_13-57-35,0,main.go:2026-04-08_13-57-32;pen.go:2026-04-08_13-57-32
2026-04-08_13-57-35,0,main.go:2026-04-08_13-57-32;pen.go:2026-04-08_13-57-32
2026-04-08_13-57-35,0,main.go:2026-04-08_13-57-32;pen.go:2026-04-08_13-57-32
2026-04-08_13-57-36,0,main.go:2026-04-08_13-57-32;pen.go:2026-04-08_13-57-32
2026-04-08_13-57-41,0,main.go:2026-04-08_13-57-32;pen.go:2026-04-08_13-57-32
2026-04-08_13-57-42,0,main.go:2026-04-08_13-57-32;pen.go:2026-04-08_13-57-32
2026-04-08_13-57-42,0,main.go:2026-04-08_13-57-32;pen.go:2026-04-08_13-57-32
2026-04-08_13-57-43,0,main.go:2026-04-08_13-57-32;pen.go:2026-04-08_13-57-32
2026-04-08_13-57-44,0,main.go:2026-04-08_13-57-32;pen.go:2026-04-08_13-57-32
2026-04-08_14-06-49,0,main.go:2026-04-08_14-06-49;pen.go:2026-04-08_13-57-32
2026-04-08_14-06-54,0,main.go:2026-04-08_14-06-49;pen.go:2026-04-08_13-57-32
2026-04-08_14-06-56,0,main.go:2026-04-08_14-06-49;pen.go:2026-04-08_13-57-32
2026-04-08_14-06-57,0,main.go:2026-04-08_14-06-49;pen.go:2026-04-08_13-57-32
2026-04-08_14-06-58,0,main.go:2026-04-08_14-06-49;pen.go:2026-04-08_13-57-32
2026-04-08_14-11-17,0,main.go:2026-04-08_14-11-17;pen.go:2026-04-08_13-57-32
2026-04-08_14-11-19,0,main.go:2026-04-08_14-11-17;pen.go:2026-04-08_13-57-32
2026-04-08_14-11-21,0,main.go:2026-04-08_14-11-17;pen.go:2026-04-08_13-57-32
2026-04-08_14-11-31,0,main.go:2026-04-08_14-11-31;pen.go:2026-04-08_13-57-32
2026-04-08_14-11-34,0,main.go:2026-04-08_14-11-31;pen.go:2026-04-08_13-57-32
2026-04-08_14-11-36,0,main.go:2026-04-08_14-11-31;pen.go:2026-04-08_13-57-32
2026-04-08_14-14-32,0,main.go:2026-04-08_14-14-32;pen.go:2026-04-08_13-57-32
2026-04-08_14-14-45,0,main.go:2026-04-08_14-14-45;pen.go:2026-04-08_13-57-32
2026-04-08_14-15-56,0,main.go:2026-04-08_14-15-56;pen.go:2026-04-08_13-57-32
2026-04-08_14-16-29,0,main.go:2026-04-08_14-16-29;pen.go:2026-04-08_13-57-32
2026-04-08_14-16-39,0,main.go:2026-04-08_14-16-29;pen.go:2026-04-08_13-57-32
2026-04-08_14-16-47,0,main.go:2026-04-08_14-16-47;pen.go:2026-04-08_13-57-32
2026-04-08_14-16-58,0,main.go:2026-04-08_14-16-58;pen.go:2026-04-08_13-57-32
2026-04-08_14-17-00,0,main.go:2026-04-08_14-16-58;pen.go:2026-04-08_13-57-32
2026-04-08_14-17-01,0,main.go:2026-04-08_14-16-58;pen.go:2026-04-08_13-57-32
2026-04-08_14-21-20,0,main.go:2026-04-08_14-16-58;pen.go:2026-04-08_13-57-32
2026-04-08_14-21-24,0,main.go:2026-04-08_14-16-58;pen.go:2026-04-08_13-57-32
2026-04-08_14-23-20,0,main.go:2026-04-08_14-23-20;pen.go:2026-04-08_13-57-32
2026-04-08_14-23-21,0,main.go:2026-04-08_14-23-20;pen.go:2026-04-08_13-57-32
2026-04-08_14-23-21,0,main.go:2026-04-08_14-23-20;pen.go:2026-04-08_13-57-32
2026-04-08_14-23-41,0,main.go:2026-04-08_14-23-41;pen.go:2026-04-08_13-57-32
2026-04-08_14-24-00,0,main.go:2026-04-08_14-24-00;pen.go:2026-04-08_13-57-32
2026-04-08_14-24-10,0,main.go:2026-04-08_14-24-10;pen.go:2026-04-08_13-57-32
2026-04-08_14-24-20,0,main.go:2026-04-08_14-24-20;pen.go:2026-04-08_13-57-32
2026-04-08_14-24-33,0,main.go:2026-04-08_14-24-33;pen.go:2026-04-08_13-57-32
2026-04-08_14-24-48,0,main.go:2026-04-08_14-24-48;pen.go:2026-04-08_13-57-32
2026-04-08_14-25-03,0,main.go:2026-04-08_14-25-03;pen.go:2026-04-08_13-57-32
2026-04-08_14-26-29,0,main.go:2026-04-08_14-26-29;pen.go:2026-04-08_13-57-32
2026-04-08_14-26-57,0,main.go:2026-04-08_14-26-57;pen.go:2026-04-08_13-57-32
2026-04-08_14-27-11,0,main.go:2026-04-08_14-27-11;pen.go:2026-04-08_13-57-32
2026-04-08_14-27-30,0,main.go:2026-04-08_14-27-30;pen.go:2026-04-08_13-57-32
2026-04-08_14-28-32,0,main.go:2026-04-08_14-28-32;pen.go:2026-04-08_13-57-32
2026-04-08_14-28-53,0,main.go:2026-04-08_14-28-32;pen.go:2026-04-08_13-57-32
2026-04-08_14-29-03,0,main.go:2026-04-08_14-28-32;pen.go:2026-04-08_13-57-32
2026-04-08_14-29-08,0,main.go:2026-04-08_14-28-32;pen.go:2026-04-08_13-57-32
2026-04-08_14-29-50,0,main.go:2026-04-08_14-29-50;pen.go:2026-04-08_13-57-32
2026-04-08_14-30-07,0,main.go:2026-04-08_14-30-07;pen.go:2026-04-08_13-57-32
2026-04-08_14-30-30,0,main.go:2026-04-08_14-30-30;pen.go:2026-04-08_13-57-32
2026-04-08_14-31-48,0,main.go:2026-04-08_14-31-48;pen.go:2026-04-08_13-57-32
2026-04-08_14-32-05,0,main.go:2026-04-08_14-32-05;pen.go:2026-04-08_13-57-32
2026-04-08_14-33-28,0,main.go:2026-04-08_14-33-28;pen.go:2026-04-08_13-57-32
2026-04-08_14-34-03,0,main.go:2026-04-08_14-34-03;pen.go:2026-04-08_13-57-32
2026-04-08_14-34-43,0,main.go:2026-04-08_14-34-43;pen.go:2026-04-08_13-57-32
2026-04-08_14-35-15,0,main.go:2026-04-08_14-35-15;pen.go:2026-04-08_13-57-32
2026-04-08_14-36-04,0,main.go:2026-04-08_14-36-04;pen.go:2026-04-08_13-57-32
2026-04-08_14-36-29,0,main.go:2026-04-08_14-36-29;pen.go:2026-04-08_13-57-32
2026-04-08_14-37-32,0,main.go:2026-04-08_14-37-32;pen.go:2026-04-08_13-57-32
2026-04-08_14-38-00,0,main.go:2026-04-08_14-38-00;pen.go:2026-04-08_13-57-32
2026-04-08_14-38-30,0,main.go:2026-04-08_14-38-30;pen.go:2026-04-08_13-57-32
2026-04-08_14-38-39,0,main.go:2026-04-08_14-38-30;pen.go:2026-04-08_13-57-32
2026-04-08_14-38-41,0,main.go:2026-04-08_14-38-30;pen.go:2026-04-08_13-57-32
2026-04-08_14-39-15,0,main.go:2026-04-08_14-39-15;pen.go:2026-04-08_13-57-32
2026-04-08_14-41-37,0,main.go:2026-04-08_14-41-37;pen.go:2026-04-08_13-57-32
2026-04-08_14-41-52,0,main.go:2026-04-08_14-41-52;pen.go:2026-04-08_13-57-32
2026-04-08_14-42-05,0,main.go:2026-04-08_14-42-05;pen.go:2026-04-08_13-57-32
2026-04-08_14-42-27,0,main.go:2026-04-08_14-42-27;pen.go:2026-04-08_13-57-32
2026-04-08_14-45-15,0,main.go:2026-04-08_14-45-15;pen.go:2026-04-08_13-57-32
2026-04-08_14-45-32,0,main.go:2026-04-08_14-45-32;pen.go:2026-04-08_13-57-32
2026-04-08_14-45-46,0,main.go:2026-04-08_14-45-46;pen.go:2026-04-08_13-57-32
2026-04-08_14-46-28,0,main.go:2026-04-08_14-46-28;pen.go:2026-04-08_13-57-32
2026-04-08_14-48-23,0,main.go:2026-04-08_14-48-23;pen.go:2026-04-08_13-57-32
2026-04-08_14-48-44,0,main.go:2026-04-08_14-48-23;pen.go:2026-04-08_13-57-32
2026-04-08_14-48-46,0,main.go:2026-04-08_14-48-23;pen.go:2026-04-08_13-57-32
2026-04-08_14-48-47,0,main.go:2026-04-08_14-48-23;pen.go:2026-04-08_13-57-32
2026-04-08_14-48-49,0,main.go:2026-04-08_14-48-23;pen.go:2026-04-08_13-57-32
2026-04-08_14-48-50,0,main.go:2026-04-08_14-48-23;pen.go:2026-04-08_13-57-32
2026-04-08_14-48-52,0,main.go:2026-04-08_14-48-23;pen.go:2026-04-08_13-57-32
2026-04-08_14-49-27,0,main.go:2026-04-08_14-48-23;pen.go:2026-04-08_13-57-32
2026-04-08_14-49-30,0,main.go:2026-04-08_14-48-23;pen.go:2026-04-08_13-57-32
2026-04-08_14-49-31,0,main.go:2026-04-08_14-48-23;pen.go:2026-04-08_13-57-32
2026-04-08_14-49-33,0,main.go:2026-04-08_14-48-23;pen.go:2026-04-08_13-57-32
