2026-03-30_18-30-16,0,shell.go:2026-03-30_18-30-16
2026-03-30_19-21-16,0,shell.go:2026-03-30_18-30-16
2026-03-30_19-22-03,0,shell.go:2026-03-30_19-22-03
2026-03-30_19-22-12,0,shell.go:2026-03-30_19-22-12
2026-03-30_19-22-13,0,shell.go:2026-03-30_19-22-12
2026-03-30_19-22-13,0,shell.go:2026-03-30_19-22-12
2026-03-30_19-22-13,0,shell.go:2026-03-30_19-22-12
2026-03-30_19-22-13,0,shell.go:2026-03-30_19-22-12
2026-03-30_19-22-22,0,shell.go:2026-03-30_19-22-22
2026-03-30_19-49-51,0,shell.go:2026-03-30_19-49-51
