2026-04-03_18-53-16,0,main.go:2026-04-03_18-53-16
2026-04-03_18-54-29,---,main.go:2026-04-03_18-53-16
2026-04-03_19-12-34,100,main.go:2026-04-03_19-12-34
2026-04-03_19-16-15,0,main.go:2026-04-03_19-16-15
2026-04-03_19-49-14,0,main.go:2026-04-03_19-16-15
2026-04-03_19-49-15,0,main.go:2026-04-03_19-16-15
2026-04-03_19-49-22,100,main.go:2026-04-03_19-49-22
2026-04-03_19-49-47,100,main.go:2026-04-03_19-49-22
2026-04-03_19-51-02,100,main.go:2026-04-03_19-49-22
2026-04-03_19-51-03,100,main.go:2026-04-03_19-49-22
2026-04-03_19-51-04,100,main.go:2026-04-03_19-49-22
2026-04-03_19-51-04,100,main.go:2026-04-03_19-49-22
2026-04-03_19-51-05,100,main.go:2026-04-03_19-49-22
